{
  "screen_width_px": 1512,
  "screen_height_px": 982,
  "active_width_mm": 298.2226300874406,
  "active_height_mm": 193.68691980546737,
  "px_per_mm_x": 5.070037775324672,
  "px_per_mm_y": 5.070037775324672,
  "source": "diagonal_14in"
}
